Time,Temperature_obs,WindSpeed_obs,WindDirection_obs
3/30/2019 0:00,24.7,5.04,32.7
3/30/2019 1:00,24.72,5.05,32.79
3/30/2019 2:00,24.58,5.06,35.36
3/30/2019 3:00,24.56,3.01,35.37
3/30/2019 4:00,24.79,3.32,47.84
3/30/2019 5:00,24.68,3.36,44.77
3/30/2019 6:00,24.64,3.68,51.96
3/30/2019 7:00,24.7,3.6,60.06
3/30/2019 8:00,25,3.32,54.41
3/30/2019 9:00,26.21,3.13,64.29
3/30/2019 10:00,27.79,2.24,55.4
3/30/2019 11:00,28.88,2.94,58.84
3/30/2019 12:00,29.36,3.69,42.57
3/30/2019 13:00,30.08,4.55,29.61
3/30/2019 14:00,29.44,6,43.23
3/30/2019 15:00,28.95,6.51,42.67
3/30/2019 16:00,28.23,6.63,33.15
3/30/2019 17:00,27.27,6.58,37.31
3/30/2019 18:00,26.39,6.79,39.63
3/30/2019 19:00,25.58,6.22,39.18
3/30/2019 20:00,25.45,6.3,36.63
3/30/2019 21:00,25.32,6.6,35.95
3/30/2019 22:00,25.33,6.48,34.84
3/30/2019 23:00,25.32,6.69,34.03
3/31/2019 0:00,25.26,6.57,34.74
3/31/2019 1:00,25.2,5.85,34.48
3/31/2019 2:00,25.13,5.21,31.82
3/31/2019 3:00,25.08,4.23,32.43
3/31/2019 4:00,25.05,3.05,42.94
3/31/2019 5:00,24.99,2.91,51.5
3/31/2019 6:00,25.01,2.26,33.67
3/31/2019 7:00,25.11,2.46,47.66
3/31/2019 8:00,25.88,2.31,47.22
3/31/2019 9:00,27.36,2.59,51.79
3/31/2019 10:00,28.93,2.75,45.28
3/31/2019 11:00,30.6,2.86,40.87
3/31/2019 12:00,30.19,5.23,35.35
3/31/2019 13:00,29.8,5.84,43.51
3/31/2019 14:00,29.57,6.91,38.64
3/31/2019 15:00,28.75,7.27,38.84
3/31/2019 16:00,27.95,7.97,37.34
3/31/2019 17:00,27.31,7.43,38.25
3/31/2019 18:00,26.17,7.5,37.65
3/31/2019 19:00,25.63,6.91,36.55
3/31/2019 20:00,25.52,7.17,37.23
3/31/2019 21:00,25.56,6.6,36.57
3/31/2019 22:00,25.52,6.29,36.5
3/31/2019 23:00,25.48,5.4,39.34
4/1/2019 0:00,25.25,4.76,37.92
4/1/2019 1:00,25.34,3.3,40.97
4/1/2019 2:00,25.3,2.84,62.53
4/1/2019 3:00,25.43,1.9,72.06
4/1/2019 4:00,25.27,0.67,58.51
4/1/2019 5:00,25.11,1.96,52.99
4/1/2019 6:00,25.27,2.17,75.44
4/1/2019 7:00,25.44,0.67,112.83
4/1/2019 8:00,25.94,1.58,86.57
4/1/2019 9:00,26.91,2.12,65.19
4/1/2019 10:00,27.97,1.83,47.52
4/1/2019 11:00,29.04,3.65,46.86
4/1/2019 12:00,29.41,4.26,39.52
4/1/2019 13:00,29.17,5.74,42.98
4/1/2019 14:00,28.42,6.91,45.46
4/1/2019 15:00,27.5,6.66,38.63
4/1/2019 16:00,26.52,6.48,38.79
4/1/2019 17:00,25.83,6.07,41.35
4/1/2019 18:00,25.62,5.41,34.51
4/1/2019 19:00,25.69,4.57,39.57
4/1/2019 20:00,25.65,5.35,42.05
4/1/2019 21:00,25.56,6.45,46.86
4/1/2019 22:00,25.62,5.66,42.75
4/1/2019 23:00,25.59,5.02,56.6
4/2/2019 0:00,25.27,4.71,48.66
4/2/2019 1:00,25.06,4.2,49.23
4/2/2019 2:00,24.89,2.27,41.54
4/2/2019 3:00,24.77,0.31,74.08
4/2/2019 4:00,24.76,0.55,83.32
4/2/2019 5:00,24.37,0.04,90.44
4/2/2019 6:00,24.85,0.13,75.04
4/2/2019 7:00,25.58,2.38,43.76
4/2/2019 8:00,25.7,3.79,40.31
4/2/2019 9:00,27.2,3.87,42.55
4/2/2019 10:00,28.85,4.24,38.14
4/2/2019 11:00,29.62,3.9,47.99
4/2/2019 12:00,29.62,4.79,45.42
4/2/2019 13:00,29.39,5.52,46.2
4/2/2019 14:00,28.98,6.05,40.5
4/2/2019 15:00,28.08,6.61,31.81
4/2/2019 16:00,26.73,6.97,36.8
4/2/2019 17:00,25.74,6.28,35.31
4/2/2019 18:00,25.29,5.15,34.92
4/2/2019 19:00,25.24,6.35,44.15
4/2/2019 20:00,25.21,7.62,45.53
4/2/2019 21:00,25.14,7.13,45.44
4/2/2019 22:00,25.13,6.94,47.98
4/2/2019 23:00,24.87,7.19,44.66
4/3/2019 0:00,24.83,6.04,44.75
4/3/2019 1:00,24.87,5.54,47.01
4/3/2019 2:00,24.9,5.51,47.61
4/3/2019 3:00,24.74,5.22,46.74
4/3/2019 4:00,24.73,4.61,45.27
4/3/2019 5:00,24.65,3.6,52.71
4/3/2019 6:00,25.04,3.58,35.77
4/3/2019 7:00,26.2,4.72,39.21
4/3/2019 8:00,27.48,5.59,47.18
4/3/2019 9:00,28.31,6.23,56.08
4/3/2019 10:00,28.84,7.45,58.26
4/3/2019 11:00,29.36,6.51,46.06
4/3/2019 12:00,29.39,6.71,44.76
4/3/2019 13:00,29.07,7.35,39.16
4/3/2019 14:00,28.44,7.52,38.92
4/3/2019 15:00,27.63,8.22,38.55
4/3/2019 16:00,26.97,7.67,42.31
4/3/2019 17:00,26.32,7.86,42.86
4/3/2019 18:00,25.86,7.71,43.28
4/3/2019 19:00,25.9,7.79,44.17
4/3/2019 20:00,25.84,7.94,45.39
4/3/2019 21:00,25.88,7.44,45.91
4/3/2019 22:00,25.63,7.49,45.68
4/3/2019 23:00,25.22,6.49,45.32
4/4/2019 0:00,25.1,5.71,44.74
4/4/2019 1:00,25.18,4.5,41.85
4/4/2019 2:00,25,4.18,45.93
4/4/2019 3:00,25.26,4.22,48.47
4/4/2019 4:00,25.08,3.61,50.18
4/4/2019 5:00,25.04,2.93,58.79
4/4/2019 6:00,25.29,2.75,68.28
4/4/2019 7:00,26.09,3.09,66.93
4/4/2019 8:00,27.49,2.67,75.68
4/4/2019 9:00,29.43,1.89,67.54
4/4/2019 10:00,31.12,2.47,43.01
4/4/2019 11:00,30.87,4.77,30.38
4/4/2019 12:00,29.81,6.5,37.39
4/4/2019 13:00,28.74,7.36,38.77
4/4/2019 14:00,28.28,7.29,37.83
4/4/2019 15:00,27.78,7.43,41.42
4/4/2019 16:00,26.91,7.77,37.45
4/4/2019 17:00,26.11,7.29,36.28
4/4/2019 18:00,25.48,6.92,33.73
4/4/2019 19:00,25.29,7.35,34.78
4/4/2019 20:00,25.28,7.15,37.03
4/4/2019 21:00,25.34,7.32,36.39
4/4/2019 22:00,25.1,7.11,37.23
4/4/2019 23:00,24.8,6.66,40.75
4/5/2019 0:00,24.71,5.31,41.88
4/5/2019 1:00,24.78,3.7,38.7
4/5/2019 2:00,24.97,3.64,42.05
4/5/2019 3:00,24.73,3.32,51.25
4/5/2019 4:00,24.98,2.43,65.97
4/5/2019 5:00,24.6,0.8,89.29
4/5/2019 6:00,24.3,1.06,144.13
4/5/2019 7:00,24.79,1.02,133.66
4/5/2019 8:00,26.47,1.29,103.54
4/5/2019 9:00,28.18,1.29,133.04
4/5/2019 10:00,30.31,1.75,73.65
4/5/2019 11:00,30.22,4.83,40.99
4/5/2019 12:00,29.91,6.16,40.9
4/5/2019 13:00,29.99,6.63,43.94
4/5/2019 14:00,29.23,7.28,41.95
4/5/2019 15:00,28.5,7.38,37.39
4/5/2019 16:00,27.14,7.91,39.12
4/5/2019 17:00,26.31,7.7,34.8
4/5/2019 18:00,25.55,7.28,33.75
4/5/2019 19:00,25.38,6.28,30.97
4/5/2019 20:00,25.29,7.52,32.61
4/5/2019 21:00,25.26,7.13,33.21
4/5/2019 22:00,25.16,6.89,34.75
4/5/2019 23:00,24.94,6.25,37.79
4/6/2019 0:00,25.1,6.2,37.8
